LOTE,MUNICÍPIO,CLASSIFICAÇÃO,PÁTIO,FAB/MOD,UF,MARCA,MODELO,TIPO,COR,NOME_POPULAR,AVALIAÇÃO,Lance Inicial,Valor da Arrematação
21120003,Diamantino,Conservado,,FIAT/UNO MILLE WAY ECON,MS,FIAT,UNO MILLE WAY ECON,Carro,VERMELHA,UNO,"R$25.257,00","R$7.577,10",
21120008,Diamantino,Conservado,,FIAT/SIENA HLX FLEX,MT,FIAT,SIENA HLX FLEX,Carro,BRANCA,SIENA,"R$20.358,00","R$6.107,40","R$6.307,40"
21120009,Diamantino,Conservado,,FIAT/UNO MILLE ECONOMY,MT,FIAT,UNO MILLE ECONOMY,Carro,AZUL,UNO,"R$20.048,00","R$6.014,40",
21120012,Diamantino,Conservado,,FORD/KA FLEX,MT,FORD,KA FLEX,Carro,BRANCA,KA,"R$26.272,00","R$7.881,60","R$7.881,60"
21120018,Diamantino,Conservado,,VW/NOVO VOYAGE CL MBP,MT,VW,NOVO VOYAGE CL MBP,Carro,BRANCA,VOYAGE,"R$49.580,00","R$14.874,00","R$18.274,00"
21120020,Diamantino,Conservado,,I/VW AMAROK CD 4X4 SE,MT,VK,VW AMAROK CD 4X4 SE,Carro,PRATA,AMAROK,"R$111.113,00","R$33.333,90","R$54.600,00"
21120021,Diamantino,Conservado,,MMC/L200 TRITON GLX D,MT,MMC,L200 TRITON GLX D,Carro,PRATA,L200,"R$102.853,00","R$30.855,90","R$55.255,90"
21120022,Diamantino,Conservado,,FLASH/MV CITY 150,MT,FLASH,MV CITY 150,Moto,PRETA,CITY,"R$4.582,00","R$1.374,60",
21120023,Diamantino,Conservado,,HONDA/CB 300R,MT,HONDA,CB 300R,Moto,BRANCA,CB 300,"R$11.945,00","R$3.583,50","R$3.583,50"
21120024,Diamantino,Conservado,,HONDA/CG 125 CARGO KS,MT,HONDA,CG 125 CARGO KS,Moto,PRETA,CG 125,"R$7.002,00","R$2.100,60","R$2.100,60"
21120025,Diamantino,Conservado,,HONDA/CG 125 FAN,MT,HONDA,CG 125 FAN,Moto,BRANCA,CG 125,"R$5.507,00","R$1.652,10","R$1.752,10"
21120026,Diamantino,Conservado,,HONDA/CG 150 TITAN EX,MT,HONDA,CG 150 TITAN EX,Moto,VERMELHA,CG 150,"R$11.357,00","R$3.407,10","R$4.107,10"
21120027,Diamantino,Conservado,,HONDA/CG 160 FAN ESDI,MT,HONDA,CG 160 FAN ESDI,Moto,AZUL,CG 160,"R$12.394,00","R$3.718,20","R$5.618,20"
21120029,Diamantino,Conservado,,HONDA/NXR150 BROS KS,MT,HONDA,NXR150 BROS KS,Moto,PRETA,BROS,"R$8.694,00","R$2.608,20","R$3.608,20"
21120031,Diamantino,Conservado,,JTA/SUZUKI EN125 YES,MT,JTA,SUZUKI EN125 YES,Moto,PRETA,EN 125,"R$5.143,00","R$1.542,90",
21120032,Diamantino,Conservado,,JTA/SUZUKI EN125 YES,MT,JTA,SUZUKI EN125 YES,Moto,AZUL,EN 125,"R$5.711,00","R$1.713,30",
21120033,Diamantino,Conservado,,JTA/SUZUKI INTRUDER 125,MT,JTA,SUZUKI INTRUDER 125,Moto,PRETA,INTRUDER,"R$6.509,00","R$1.952,70",
21120034,Diamantino,Conservado,,YAMAHA/YS150 FAZER SED,MT,YAMAHA,YS150 FAZER SED,Moto,VERMELHA,FAZER,"R$11.024,00","R$3.307,20","R$3.607,20"
21120035,Diamantino,Conservado,,HONDA/C100 BIZ ES,MT,HONDA,C100 BIZ ES,Moto,VERDE,BIZ,"R$5.159,00","R$1.547,70","R$1.547,70"
21120036,Diamantino,Conservado,,HONDA/C100 BIZ MAIS,MT,HONDA,C100 BIZ MAIS,Moto,PRATA,BIZ,"R$6.268,00","R$1.880,40","R$1.880,40"
21120037,Diamantino,Conservado,,YAMAHA/NEO AT115,MT,YAMAHA,NEO AT115,Moto,AZUL,NEO,"R$5.839,00","R$1.751,70",
21120038,Diamantino,Conservado,,I/MMC PAJERO HPE 3.2 D,MT,MMC,MMC PAJERO HPE 3.2 D,Carro,BRANCA,PAJERO,"R$135.842,00","R$40.752,60","R$46.552,60"
21120040,Diamantino,Conservado,,VW/KOMBI,PR,VW,KOMBI,Carro,BRANCA,KOMBI,"R$32.401,00","R$9.720,30","R$20.600,00"
21120042,Diamantino,Conservado,,TOYOTA/COROLLA XLI18FLEX,SP,TOYOTA,COROLLA XLI18FLEX,Carro,PRATA,COROLLA,"R$50.916,00","R$15.274,80","R$34.100,00"
21220044,Cuiabá,Conservado,,HONDA/CG 160 START,MT,HONDA,CG 160 START,Moto,PRETA,CG 160,"R$14.070,00","R$4.221,00","R$8.021,00"
21220046,Cuiabá,Conservado,,R/JHS FZ 1E,MT,R,JHS FZ 1E,Moto,VERMELHA,FZ,"R$3.000,00","R$900,00","R$3.900,00"
21220057,Cuiabá,Conservado,,M.BENZ/L 1318,CE,M.BENZ,L 1318,Caminhão,VERMELHA,L,"R$170.959,00","R$51.287,70","R$88.287,70"
21220058,Cuiabá,Conservado,,VW/8.150 E DELIVERY PLUS,GO,VW,8.150 E DELIVERY PLUS,Caminhão,BRANCA,DELIVERY,"R$36.937,00","R$11.081,10","R$95.581,10"
21220060,Cuiabá,Conservado,,I/GM CLASSIC LIFE,MS,GM,GM CLASSIC LIFE,Carro,PRATA,CLASSIC,"R$19.767,00","R$5.930,10","R$6.600,00"
21220062,Cuiabá,Conservado,,HONDA/CG 125 TITAN ES,MS,HONDA,CG 125 TITAN ES,Moto,VERDE,CG 125,"R$6.451,00","R$1.935,30",
21220063,Cuiabá,Conservado,,CHEV/PRISMA 1.4AT LT,MT,CHEV,PRISMA 1.4AT LT,Carro,BRANCA,PRISMA,"R$62.769,00","R$18.830,70","R$40.400,00"
21220065,Cuiabá,Conservado,,FIAT/PALIO WK ADVEN FLEX,MT,FIAT,PALIO WK ADVEN FLEX,Carro,BRANCA,PALIO,"R$40.386,00","R$12.115,80","R$23.715,80"
21220066,Cuiabá,Conservado,,FIAT/UNO MILLE FIRE FLEX,MT,FIAT,UNO MILLE FIRE FLEX,Carro,PRATA,UNO,"R$14.789,00","R$4.436,70","R$6.036,70"
21220067,Cuiabá,Conservado,,FIAT/UNO MILLE WAY ECON,MT,FIAT,UNO MILLE WAY ECON,Carro,BRANCA,UNO,"R$26.782,00","R$8.034,60","R$8.834,60"
21220068,Cuiabá,Conservado,,FORD/ESCORT GL,MT,FORD,ESCORT GL,Carro,CINZA,ESCORT,"R$4.618,00","R$1.385,40","R$1.585,40"
21220073,Cuiabá,Conservado,,GM/CORSA CLASSIC,MT,GM,CORSA CLASSIC,Carro,PRATA,CORSA,"R$14.628,00","R$4.388,40",
21220074,Cuiabá,Conservado,,GM/CORSA WIND,MT,GM,CORSA WIND,Carro,BRANCA,CORSA,"R$8.590,00","R$2.577,00",
21220079,Cuiabá,Conservado,,PEUGEOT/206 16 PRESENC,MT,PEUGEOT,206 16 PRESENC,Carro,VERMELHA,206,"R$10.106,00","R$3.031,80",
21220082,Cuiabá,Conservado,,VW/GOL 1.0,MT,VW,GOL 1.0,Carro,PRETA,GOL,"R$15.900,00","R$4.770,00",
21220084,Cuiabá,Conservado,,VW/GOL 1.0,MT,VW,GOL 1.0,Carro,BRANCA,GOL,"R$17.738,00","R$5.321,40",
21220085,Cuiabá,Conservado,,VW/GOL 1.0,MT,VW,GOL 1.0,Carro,PRETA,GOL,"R$21.126,00","R$6.337,80",
21220086,Cuiabá,Conservado,,VW/GOL 1.0 GIV,MT,VW,GOL 1.0 GIV,Carro,BRANCA,GOL,"R$23.150,00","R$6.945,00","R$6.945,00"
21220089,Cuiabá,Conservado,,VW/GOL 1.6,MT,VW,GOL 1.6,Carro,BRANCA,GOL,"R$27.656,00","R$8.296,80",
21220091,Cuiabá,Conservado,,VW/GOL MI,MT,VW,GOL MI,Carro,VERMELHA,GOL,"R$13.316,00","R$3.994,80",
21220093,Cuiabá,Conservado,,VW/GOL PLUS MI,MT,VW,GOL PLUS MI,Carro,VERMELHA,GOL,"R$8.831,00","R$2.649,30",
21220094,Cuiabá,Conservado,,VW/GOL SPECIAL,MT,VW,GOL SPECIAL,Carro,PRETA,GOL,"R$11.496,00","R$3.448,80",
21220096,Cuiabá,Conservado,,FIAT/FIORINO IE,MT,FIAT,FIORINO IE,Carro,BRANCA,FIORINO,"R$20.451,00","R$6.135,30","R$8.335,30"
21220098,Cuiabá,Conservado,,FIAT/STRADA FIRE FLEX,MT,FIAT,STRADA FIRE FLEX,Carro,BRANCA,STRADA,"R$31.000,00","R$9.300,00","R$13.100,00"
21220101,Cuiabá,Conservado,,I/HAFEI RUIYI PICKUP L,MT,HAFEI,HAFEI RUIYI PICKUP L,Carro,PRATA,RUIYI,"R$14.827,00","R$4.448,10","R$9.000,00"
21220102,Cuiabá,Conservado,,I/KIA K2500 HD,MT,HYUNDAI,KIA K2500 HD,Carro,BRANCA,K2500,"R$70.980,00","R$21.294,00","R$21.294,00"
21220103,Cuiabá,Conservado,,DAFRA/ZIG 50,MT,DAFRA,ZIG 50,Moto,VERMELHA,ZIG,"R$2.586,00","R$775,80","R$875,80"
21220104,Cuiabá,Conservado,,FLASH/MV TEEN 50,MT,FLASH,MV TEEN 50,Moto,PRATA,TEEN,"R$2.361,00","R$708,30","R$1.008,30"
21220105,Cuiabá,Conservado,,I/SHINERAY XY50Q PHOENIX,MT,Shineray,SHINERAY XY50Q PHOENIX,Moto,PRETA,SHINERAY,"R$2.670,00","R$801,00",
21220106,Cuiabá,Conservado,,DAFRA/RIVA 150,MT,DAFRA,RIVA 150,Moto,VERMELHA,RIVA,"R$5.087,00","R$1.526,10","R$1.626,10"
21220107,Cuiabá,Conservado,,DAFRA/SPEED 150,MT,DAFRA,SPEED 150,Moto,AZUL,SPEED,"R$3.561,00","R$1.068,30",
21220108,Cuiabá,Conservado,,DAFRA/SPEED 150,MT,DAFRA,SPEED 150,Moto,AZUL,SPEED,"R$3.743,00","R$1.122,90",
21220109,Cuiabá,Conservado,,DAFRA/ZIG PLUS,MT,DAFRA,ZIG PLUS,Moto,VERMELHA,ZIG,"R$3.601,00","R$1.080,30",
21220110,Cuiabá,Conservado,,HONDA/CG 125 CARGO,MT,HONDA,CG 125 CARGO,Moto,BRANCA,CG 125,"R$3.644,00","R$1.093,20",
21220111,Cuiabá,Conservado,,HONDA/CG 125 CARGO KS,MT,HONDA,CG 125 CARGO KS,Moto,BRANCA,CG 125,"R$6.485,00","R$1.945,50",
21220114,Cuiabá,Conservado,,HONDA/CG 125 FAN,MT,HONDA,CG 125 FAN,Moto,PRETA,CG 125,"R$5.369,00","R$1.610,70","R$1.610,70"
21220115,Cuiabá,Conservado,,HONDA/CG 125 FAN,MT,HONDA,CG 125 FAN,Moto,PRETA,CG 125,"R$5.369,00","R$1.610,70","R$1.910,70"
21220116,Cuiabá,Conservado,,HONDA/CG 125 FAN,MT,HONDA,CG 125 FAN,Moto,PRETA,CG 125,"R$5.507,00","R$1.652,10","R$2.152,10"
21220117,Cuiabá,Conservado,,HONDA/CG 125 FAN,MT,HONDA,CG 125 FAN,Moto,PRETA,CG 125,"R$5.507,00","R$1.652,10","R$2.152,10"
21220118,Cuiabá,Conservado,,HONDA/CG 125 FAN,MT,HONDA,CG 125 FAN,Moto,CINZA,CG 125,"R$5.507,00","R$1.652,10","R$1.752,10"
21220119,Cuiabá,Conservado,,HONDA/CG 125 FAN,MT,HONDA,CG 125 FAN,Moto,PRETA,CG 125,"R$5.507,00","R$1.652,10","R$2.052,10"
21220120,Cuiabá,Conservado,,HONDA/CG 125 FAN ES,MT,HONDA,CG 125 FAN ES,Moto,PRETA,CG 125,"R$7.163,00","R$2.148,90","R$2.248,90"
21220121,Cuiabá,Conservado,,HONDA/CG 125 FAN ES,MT,HONDA,CG 125 FAN ES,Moto,PRETA,CG 125,"R$7.343,00","R$2.202,90","R$2.502,90"
21220122,Cuiabá,Conservado,,HONDA/CG 125 FAN ES,MT,HONDA,CG 125 FAN ES,Moto,PRETA,CG 125,"R$7.343,00","R$2.202,90","R$3.102,90"
21220123,Cuiabá,Conservado,,HONDA/CG 125 FAN ES,MT,HONDA,CG 125 FAN ES,Moto,PRETA,CG 125,"R$7.538,00","R$2.261,40","R$3.961,40"
21220125,Cuiabá,Conservado,,HONDA/CG 125 FAN KS,MT,HONDA,CG 125 FAN KS,Moto,PRETA,CG 125,"R$5.648,00","R$1.694,40","R$1.894,40"
21220127,Cuiabá,Conservado,,HONDA/CG 125 FAN KS,MT,HONDA,CG 125 FAN KS,Moto,PRETA,CG 125,"R$6.482,00","R$1.944,60","R$1.944,60"
21220128,Cuiabá,Conservado,,HONDA/CG 125 FAN KS,MT,HONDA,CG 125 FAN KS,Moto,PRETA,CG 125,"R$6.482,00","R$1.944,60","R$1.944,60"
21220129,Cuiabá,Conservado,,HONDA/CG 125 FAN KS,MT,HONDA,CG 125 FAN KS,Moto,PRETA,CG 125,"R$6.482,00","R$1.944,60","R$2.144,60"
21220130,Cuiabá,Conservado,,HONDA/CG 125 FAN KS,MT,HONDA,CG 125 FAN KS,Moto,PRETA,CG 125,"R$6.482,00","R$1.944,60","R$1.944,60"
21220131,Cuiabá,Conservado,,HONDA/CG 125 FAN KS,MT,HONDA,CG 125 FAN KS,Moto,PRETA,CG 125,"R$6.819,00","R$2.045,70",
21220132,Cuiabá,Conservado,,HONDA/CG 125 FAN KS,MT,HONDA,CG 125 FAN KS,Moto,PRETA,CG 125,"R$6.819,00","R$2.045,70","R$3.945,70"
21220133,Cuiabá,Conservado,,HONDA/CG 125 FAN KS,MT,HONDA,CG 125 FAN KS,Moto,PRETA,CG 125,"R$6.999,00","R$2.099,70","R$2.299,70"
21220134,Cuiabá,Conservado,,HONDA/CG 125 TITAN,MT,HONDA,CG 125 TITAN,Moto,CINZA,CG 125,"R$4.526,00","R$1.357,80","R$1.557,80"
21220135,Cuiabá,Conservado,,HONDA/CG 125 TITAN,MT,HONDA,CG 125 TITAN,Moto,AZUL,CG 125,"R$4.767,00","R$1.430,10",
21220137,Cuiabá,Conservado,,HONDA/CG 125 TITAN,MT,HONDA,CG 125 TITAN,Moto,AZUL,CG 125,"R$4.767,00","R$1.430,10",
21220139,Cuiabá,Conservado,,HONDA/CG 125 TITAN,MT,HONDA,CG 125 TITAN,Moto,AZUL,CG 125,"R$5.097,00","R$1.529,10",
21220141,Cuiabá,Conservado,,HONDA/CG 125 TITAN ES,MT,HONDA,CG 125 TITAN ES,Moto,PRATA,CG 125,"R$6.451,00","R$1.935,30","R$2.035,30"
21220142,Cuiabá,Conservado,,HONDA/CG 125 TITAN ES,MT,HONDA,CG 125 TITAN ES,Moto,PRATA,CG 125,"R$6.451,00","R$1.935,30",
21220145,Cuiabá,Conservado,,HONDA/CG 125 TITAN KS,MT,HONDA,CG 125 TITAN KS,Moto,VERMELHA,CG 125,"R$5.725,00","R$1.717,50",
21220147,Cuiabá,Conservado,,HONDA/CG 150 FAN ESI,MT,HONDA,CG 150 FAN ESI,Moto,AZUL,CG 150,"R$9.457,00","R$2.837,10","R$3.037,10"
21220148,Cuiabá,Conservado,,HONDA/CG 150 SPORT,MT,HONDA,CG 150 SPORT,Moto,VERMELHA,CG 150,"R$6.884,00","R$2.065,20","R$2.265,20"
21220149,Cuiabá,Conservado,,HONDA/CG 150 TITAN ES,MT,HONDA,CG 150 TITAN ES,Moto,VERMELHA,CG 150,"R$7.057,00","R$2.117,10",
21220150,Cuiabá,Conservado,,HONDA/CG 150 TITAN ESD,MT,HONDA,CG 150 TITAN ESD,Moto,PRATA,CG 150,"R$11.018,00","R$3.305,40","R$5.005,40"
21220151,Cuiabá,Conservado,,HONDA/CG 150 TITAN EX,MT,HONDA,CG 150 TITAN EX,Moto,VERMELHA,CG 150,"R$11.357,00","R$3.407,10","R$6.000,00"
21220152,Cuiabá,Conservado,,HONDA/CG 150 TITAN KS,MT,HONDA,CG 150 TITAN KS,Moto,BRANCA,CG 150,"R$6.620,00","R$1.986,00","R$1.986,00"
21220153,Cuiabá,Conservado,,HONDA/CG 150 TITAN KS,MT,HONDA,CG 150 TITAN KS,Moto,AZUL,CG 150,"R$7.396,00","R$2.218,80","R$2.218,80"
21220154,Cuiabá,Conservado,,HONDA/CG 160 FAN,MT,HONDA,CG 160 FAN,Moto,VERMELHA,CG 160,"R$13.538,00","R$4.061,40","R$8.161,40"
21220155,Cuiabá,Conservado,,HONDA/CG 160 FAN ESDI,MT,HONDA,CG 160 FAN ESDI,Moto,PRETA,CG 160,"R$12.394,00","R$3.718,20",
21220156,Cuiabá,Conservado,,HONDA/CG 160 START,MT,HONDA,CG 160 START,Moto,PRETA,CG 160,"R$11.464,00","R$3.439,20","R$4.039,20"
21220157,Cuiabá,Conservado,,HONDA/CG 160 START,MT,HONDA,CG 160 START,Moto,CINZA,CG 160,"R$12.550,00","R$3.765,00","R$4.165,00"
21220158,Cuiabá,Conservado,,HONDA/CG150 FAN ESDI,MT,HONDA,CG150 FAN ESDI,Moto,PRATA,CG 150,"R$9.015,00","R$2.704,50","R$3.504,50"
21220159,Cuiabá,Conservado,,HONDA/CG150 TITAN MIX ES,MT,HONDA,CG150 TITAN MIX ES,Moto,AZUL,CG 150,"R$8.135,00","R$2.440,50","R$3.440,50"
21220160,Cuiabá,Conservado,,HONDA/CG150 TITAN MIX EX,MT,HONDA,CG150 TITAN MIX EX,Moto,VERMELHA,CG 150,"R$8.895,00","R$2.668,50",
21220161,Cuiabá,Conservado,,HONDA/CG150 TITAN MIXESD,MT,HONDA,CG150 TITAN MIXESD,Moto,CINZA,CG 150,"R$8.179,00","R$2.453,70","R$2.453,70"
21220162,Cuiabá,Conservado,,HONDA/NXR125 BROS KS,MT,HONDA,NXR125 BROS KS,Moto,AZUL,BROS,"R$5.357,00","R$1.607,10","R$2.507,10"
21220166,Cuiabá,Conservado,,HONDA/XRE 300,MT,HONDA,XRE 300,Moto,VERDE,XRE 300,"R$13.656,00","R$4.096,80",
21220167,Cuiabá,Conservado,,JTA/SUZUKI EN125 YES,MT,JTA,SUZUKI EN125 YES,Moto,AZUL,EN 125,"R$4.907,00","R$1.472,10",
21220168,Cuiabá,Conservado,,JTA/SUZUKI EN125 YES,MT,JTA,SUZUKI EN125 YES,Moto,AZUL,EN 125,"R$5.143,00","R$1.542,90",
21220169,Cuiabá,Conservado,,SUNDOWN/MAX 125 SE,MT,SUNDOWN,MAX 125 SE,Moto,PRATA,MAX 125,"R$1.941,00","R$582,30",
21220170,Cuiabá,Conservado,,YAMAHA/FACTOR YBR125 E,MT,YAMAHA,FACTOR YBR125 E,Moto,VERMELHA,FACTOR,"R$5.639,00","R$1.691,70","R$1.691,70"
21220171,Cuiabá,Conservado,,YAMAHA/FACTOR YBR125 E,MT,YAMAHA,FACTOR YBR125 E,Moto,VERMELHA,FACTOR,"R$5.639,00","R$1.691,70",
21220172,Cuiabá,Conservado,,YAMAHA/FACTOR YBR125 E,MT,YAMAHA,FACTOR YBR125 E,Moto,ROXA,FACTOR,"R$6.235,00","R$1.870,50",
21220173,Cuiabá,Conservado,,YAMAHA/FACTOR YBR125 ED,MT,YAMAHA,FACTOR YBR125 ED,Moto,PRETA,FACTOR,"R$6.382,00","R$1.914,60",
21220174,Cuiabá,Conservado,,YAMAHA/FACTOR YBR125 K,MT,YAMAHA,FACTOR YBR125 K,Moto,PRETA,FACTOR,"R$5.636,00","R$1.690,80",
21220175,Cuiabá,Conservado,,YAMAHA/FACTOR YBR125 K,MT,YAMAHA,FACTOR YBR125 K,Moto,PRETA,FACTOR,"R$5.934,00","R$1.780,20",
21220176,Cuiabá,Conservado,,YAMAHA/FACTOR YBR125 K,MT,YAMAHA,FACTOR YBR125 K,Moto,ROXA,FACTOR,"R$5.934,00","R$1.780,20",
21220177,Cuiabá,Conservado,,YAMAHA/FACTOR YBR125 K,MT,YAMAHA,FACTOR YBR125 K,Moto,PRETA,FACTOR,"R$6.161,00","R$1.848,30",
21220178,Cuiabá,Conservado,,YAMAHA/FACTOR YBR125 K,MT,YAMAHA,FACTOR YBR125 K,Moto,PRETA,FACTOR,"R$6.327,00","R$1.898,10",
21220179,Cuiabá,Conservado,,YAMAHA/YBR 125E,MT,YAMAHA,YBR 125E,Moto,PRETA,YBR 125,"R$3.132,00","R$939,60","R$1.039,60"
21220181,Cuiabá,Conservado,,YAMAHA/YBR 125K,MT,YAMAHA,YBR 125K,Moto,VERMELHA,YBR 125,"R$5.180,00","R$1.554,00",
21220182,Cuiabá,Conservado,,YAMAHA/YBR 125K,MT,YAMAHA,YBR 125K,Moto,PRETA,YBR 125,"R$5.180,00","R$1.554,00",
21220183,Cuiabá,Conservado,,YAMAHA/YBR 125K,MT,YAMAHA,YBR 125K,Moto,VERMELHA,YBR 125,"R$5.180,00","R$1.554,00",
21220184,Cuiabá,Conservado,,YAMAHA/YBR 125K,MT,YAMAHA,YBR 125K,Moto,AZUL,YBR 125,"R$5.180,00","R$1.554,00",
21220185,Cuiabá,Conservado,,YAMAHA/YBR 125K,MT,YAMAHA,YBR 125K,Moto,PRATA,YBR 125,"R$5.180,00","R$1.554,00","R$1.554,00"
21220186,Cuiabá,Conservado,,HONDA/BIZ 100 ES,MT,HONDA,BIZ 100 ES,Moto,PRETA,BIZ,"R$9.793,00","R$2.937,90","R$4.037,90"
21220187,Cuiabá,Conservado,,HONDA/BIZ 125 ES,MT,HONDA,BIZ 125 ES,Moto,PRETA,BIZ,"R$6.952,00","R$2.085,60","R$2.885,60"
21220189,Cuiabá,Conservado,,HONDA/BIZ 125 ES,MT,HONDA,BIZ 125 ES,Moto,BEGE,BIZ,"R$8.500,00","R$2.550,00","R$2.750,00"
21220190,Cuiabá,Conservado,,HONDA/BIZ 125 ES,MT,HONDA,BIZ 125 ES,Moto,ROSA,BIZ,"R$8.500,00","R$2.550,00","R$3.250,00"
21220191,Cuiabá,Conservado,,HONDA/C100 BIZ,MT,HONDA,C100 BIZ,Moto,PRETA,BIZ,"R$4.209,00","R$1.262,70","R$1.462,70"
21220192,Cuiabá,Conservado,,HONDA/C100 BIZ,MT,HONDA,C100 BIZ,Moto,VERDE,BIZ,"R$5.159,00","R$1.547,70","R$1.747,70"
21220193,Cuiabá,Conservado,,HONDA/C100 BIZ ES,MT,HONDA,C100 BIZ ES,Moto,VERMELHA,BIZ,"R$5.033,00","R$1.509,90","R$1.709,90"
21220194,Cuiabá,Conservado,,HONDA/C100 BIZ ES,MT,HONDA,C100 BIZ ES,Moto,VERDE,BIZ,"R$5.775,00","R$1.732,50","R$1.832,50"
21220195,Cuiabá,Conservado,,SUNDOWN/WEB 100,MT,SUNDOWN,WEB 100,Moto,PRATA,WEB 100,"R$2.778,00","R$833,40",
21220198,Cuiabá,Conservado,,HONDA/CG 125 FAN KS,PR,HONDA,CG 125 FAN KS,Moto,VERMELHA,CG 125,"R$6.482,00","R$1.944,60","R$3.044,60"
21220200,Cuiabá,Conservado,,REB/SCHIFFER SSC2E CA,PR,REB,SCHIFFER SSC2E CA,Carro,PRETA,SCHIFFER,"R$80.000,00","R$24.000,00","R$33.500,00"
21220201,Cuiabá,Conservado,,VW/SAVEIRO 1.6,RO,VW,SAVEIRO 1.6,Carro,BRANCA,SAVEIRO,"R$36.171,00","R$10.851,30","R$19.051,30"
21220202,Cuiabá,Conservado,,HONDA/CG 125 FAN ES,RO,HONDA,CG 125 FAN ES,Moto,VERMELHA,CG 125,"R$7.343,00","R$2.202,90","R$3.002,90"
21220203,Cuiabá,Conservado,,YAMAHA/YBR 125ED,RO,YAMAHA,YBR 125ED,Moto,VERDE,YBR 125,"R$5.421,00","R$1.626,30",
21220206,Cuiabá,Conservado,,FIAT/PALIO WEEK ELX FLEX,SP,FIAT,PALIO WEEK ELX FLEX,Carro,PRATA,PALIO,"R$27.777,00","R$8.333,10","R$12.733,10"
21220208,Cuiabá,Conservado,,VW/GOL 1.0 GIV,SP,VW,GOL 1.0 GIV,Carro,BRANCA,GOL,"R$31.441,00","R$9.432,30","R$9.432,30"
21220209,Cuiabá,Conservado,,VW/24.250 CNC 6X2,SP,VW,24.250 CNC 6X2,Caminhão,BRANCA,24.250,"R$186.899,00","R$56.069,70","R$124.000,00"
22120215,Rondonópolis,Conservado,,SR/RODOLINEA SRCAG BTT,GO,SR,RODOLINEA SRCAG BTT,Carro,BRANCA,RODOLINEA,"R$80.000,00","R$24.000,00",
22120219,Rondonópolis,Conservado,,VW/GOL 1.0,MS,VW,GOL 1.0,Carro,BRANCA,GOL,"R$17.738,00","R$5.321,40",
22120220,Rondonópolis,Conservado,,VW/GOL 1.0,MS,VW,GOL 1.0,Carro,PRATA,GOL,"R$31.441,00","R$9.432,30","R$14.832,30"
22120222,Rondonópolis,Conservado,,HONDA/CG 125 TITAN ES,MS,HONDA,CG 125 TITAN ES,Moto,PRATA,CG 125,"R$6.293,00","R$1.887,90","R$1.887,90"
22120223,Rondonópolis,Conservado,,CITROEN/C3 EXCL 14 FLEX,MT,CITROEN,C3 EXCL 14 FLEX,Carro,PRETA,C3,"R$25.590,00","R$7.677,00",
22120229,Rondonópolis,Conservado,,FORD/FIESTA,MT,FORD,FIESTA,Carro,VERMELHA,FIESTA,"R$18.316,00","R$5.494,80",
22120231,Rondonópolis,Conservado,,GM/CELTA,MT,GM,CELTA,Carro,PRATA,CELTA,"R$12.038,00","R$3.611,40",
22120232,Rondonópolis,Conservado,,GM/CORSA HATCH JOY,MT,GM,CORSA HATCH JOY,Carro,PRATA,CORSA,"R$20.188,00","R$6.056,40","R$6.056,40"
22120233,Rondonópolis,Conservado,,GM/CORSA WIND,MT,GM,CORSA WIND,Carro,AZUL,CORSA,"R$11.067,00","R$3.320,10",
22120234,Rondonópolis,Conservado,,HYUNDAI/HB20S 1.6M COMF,MT,HYUNDAI,HB20S 1.6M COMF,Carro,PRATA,HB20,"R$57.598,00","R$17.279,40","R$25.079,40"
22120235,Rondonópolis,Conservado,,1/FORD FOCUS SE AT 1.6 Η,MT,FORD,FORD FOCUS SE AT 1.6 Η,Carro,BRANCA,FOCUS,"R$48.413,00","R$14.523,90","R$28.800,00"
22120236,Rondonópolis,Conservado,,I/HYUNDAI VELOSTER,MT,HYUNDAI,HYUNDAI VELOSTER,Carro,FANTASIA,VELOSTER,"R$56.568,00","R$16.970,40","R$23.170,40"
22120237,Rondonópolis,Conservado,,I/PEUGEOT 307 20A FELINE,MT,PEUGEOT,PEUGEOT 307 20A FELINE,Carro,PRETA,307,"R$16.106,00","R$4.831,80",
22120238,Rondonópolis,Conservado,,RENAULT/SANDERO AUT1016V,MT,RENAULT,SANDERO AUT1016V,Carro,BRANCA,SANDERO,"R$28.714,00","R$8.614,20",
22120240,Rondonópolis,Conservado,,TOYOTA/COROLLA ΧΕΙ,MT,TOYOTA,COROLLA ΧΕΙ,Carro,PRATA,COROLLA,"R$20.307,00","R$6.092,10",
22120241,Rondonópolis,Conservado,,VW/GOL 1.0,MT,VW,GOL 1.0,Carro,CINZA,GOL,"R$14.666,00","R$4.399,80",
22120242,Rondonópolis,Conservado,,VW/GOL 1.0,MT,VW,GOL 1.0,Carro,PRETA,GOL,"R$32.362,00","R$9.708,60","R$10.308,60"
22120243,Rondonópolis,Conservado,,VW/GOL 1.6 POWER,MT,VW,GOL 1.6 POWER,Carro,PRETA,GOL,"R$27.491,00","R$8.247,30","R$8.447,30"
22120244,Rondonópolis,Conservado,,VW/GOL MI,MT,VW,GOL MI,Carro,PRATA,GOL,"R$13.316,00","R$3.994,80",
22120245,Rondonópolis,Conservado,,VW/GOLF 1.6 SPORTLINE,MT,VW,GOLF 1.6 SPORTLINE,Carro,BRANCA,GOLF,"R$56.064,00","R$16.819,20","R$23.019,20"
22120246,Rondonópolis,Conservado,,VW/NOVO GOL 1.0,MT,VW,NOVO GOL 1.0,Carro,BRANCA,GOL,"R$35.614,00","R$10.684,20","R$16.684,20"
22120247,Rondonópolis,Conservado,,VW/NOVO VOYAGE 1.6 CITY,MT,VW,NOVO VOYAGE 1.6 CITY,Carro,BRANCA,VOYAGE,"R$38.532,00","R$11.559,60","R$17.559,60"
22120249,Rondonópolis,Conservado,,VW/VOYAGE 1.6 SELECAO,MT,VW,VOYAGE 1.6 SELECAO,Carro,PRATA,VOYAGE,"R$40.598,00","R$12.179,40","R$24.179,40"
22120250,Rondonópolis,Conservado,,FIAT/STRADA FIRE FLEX,MT,FIAT,STRADA FIRE FLEX,Carro,BRANCA,STRADA,"R$26.915,00","R$8.074,50","R$11.474,50"
22120251,Rondonópolis,Conservado,,I/TOYOTA HILUX CD4X4 SRV,MT,TOYOTA,TOYOTA HILUX CD4X4 SRV,Carro,PRATA,HILUX,"R$93.492,00","R$28.047,60","R$38.400,00"
22120254,Rondonópolis,Conservado,,HONDA/CBX 250 TWISTER,MT,HONDA,CBX 250 TWISTER,Moto,VERMELHA,CBX 250,"R$6.682,00","R$2.004,60","R$2.304,60"
22120255,Rondonópolis,Conservado,,HONDA/CG 125 FAN,MT,HONDA,CG 125 FAN,Moto,PRETA,CG 125,"R$5.369,00","R$1.610,70","R$1.610,70"
22120256,Rondonópolis,Conservado,,HONDA/CG 125 FAN,MT,HONDA,CG 125 FAN,Moto,PRETA,CG 125,"R$5.369,00","R$1.610,70","R$1.610,70"
22120257,Rondonópolis,Conservado,,HONDA/CG 125 FAN,MT,HONDA,CG 125 FAN,Moto,CINZA,CG 125,"R$5.507,00","R$1.652,10","R$1.652,10"
22120259,Rondonópolis,Conservado,,HONDA/CG 125 FAN,MT,HONDA,CG 125 FAN,Moto,ROXA,CG 125,"R$5.507,00","R$1.652,10","R$1.652,10"
22120260,Rondonópolis,Conservado,,HONDA/CG 125 FAN,MT,HONDA,CG 125 FAN,Moto,PRETA,CG 125,"R$5.507,00","R$1.652,10","R$1.752,10"
22120261,Rondonópolis,Conservado,,HONDA/CG 125 FAN ES,MT,HONDA,CG 125 FAN ES,Moto,AZUL,CG 125,"R$6.988,00","R$2.096,40","R$2.196,40"
22120262,Rondonópolis,Conservado,,HONDA/CG 125 FAN ES,MT,HONDA,CG 125 FAN ES,Moto,AZUL,CG 125,"R$6.988,00","R$2.096,40","R$2.396,40"
22120263,Rondonópolis,Conservado,,HONDA/CG 125 FAN ES,MT,HONDA,CG 125 FAN ES,Moto,AZUL,CG 125,"R$7.163,00","R$2.148,90","R$2.248,90"
22120264,Rondonópolis,Conservado,,HONDA/CG 125 FAN ES,MT,HONDA,CG 125 FAN ES,Moto,VERMELHA,CG 125,"R$7.163,00","R$2.148,90","R$3.548,90"
22120265,Rondonópolis,Conservado,,HONDA/CG 125 FAN ES,MT,HONDA,CG 125 FAN ES,Moto,AZUL,CG 125,"R$7.163,00","R$2.148,90",
22120266,Rondonópolis,Conservado,,HONDA/CG 125 FAN ES,MT,HONDA,CG 125 FAN ES,Moto,PRETA,CG 125,"R$7.163,00","R$2.148,90","R$2.248,90"
22120267,Rondonópolis,Conservado,,HONDA/CG 125 FAN ES,MT,HONDA,CG 125 FAN ES,Moto,PRETA,CG 125,"R$7.727,00","R$2.318,10","R$2.318,10"
22120268,Rondonópolis,Conservado,,HONDA/CG 125 FAN ES,MT,HONDA,CG 125 FAN ES,Moto,PRETA,CG 125,"R$8.477,00","R$2.543,10","R$4.343,10"
22120270,Rondonópolis,Conservado,,HONDA/CG 125 FAN KS,MT,HONDA,CG 125 FAN KS,Moto,VERMELHA,CG 125,"R$6.482,00","R$1.944,60","R$1.944,60"
22120271,Rondonópolis,Conservado,,HONDA/CG 125 FAN KS,MT,HONDA,CG 125 FAN KS,Moto,VERMELHA,CG 125,"R$6.819,00","R$2.045,70","R$2.845,70"
22120272,Rondonópolis,Conservado,,HONDA/CG 125 FAN KS,MT,HONDA,CG 125 FAN KS,Moto,PRETA,CG 125,"R$7.905,00","R$2.371,50","R$4.071,50"
22120273,Rondonópolis,Conservado,,HONDA/CG 125 TITAN,MT,HONDA,CG 125 TITAN,Moto,AZUL,CG 125,"R$4.415,00","R$1.324,50","R$1.324,50"
22120274,Rondonópolis,Conservado,,HONDA/CG 125 TITAN,MT,HONDA,CG 125 TITAN,Moto,VERMELHA,CG 125,"R$4.646,00","R$1.393,80","R$1.593,80"
22120275,Rondonópolis,Conservado,,HONDA/CG 125 TITAN,MT,HONDA,CG 125 TITAN,Moto,VERMELHA,CG 125,"R$4.767,00","R$1.430,10",
22120276,Rondonópolis,Conservado,,HONDA/CG 125 TITAN,MT,HONDA,CG 125 TITAN,Moto,AZUL,CG 125,"R$5.097,00","R$1.529,10",
22120277,Rondonópolis,Conservado,,HONDA/CG 125 TITAN ES,MT,HONDA,CG 125 TITAN ES,Moto,AZUL,CG 125,"R$6.139,00","R$1.841,70",
22120278,Rondonópolis,Conservado,,HONDA/CG 125 TITAN ES,MT,HONDA,CG 125 TITAN ES,Moto,VERMELHA,CG 125,"R$6.293,00","R$1.887,90",
22120279,Rondonópolis,Conservado,,HONDA/CG 125 TITAN ES,MT,HONDA,CG 125 TITAN ES,Moto,PRATA,CG 125,"R$6.451,00","R$1.935,30",
22120280,Rondonópolis,Conservado,,HONDA/CG 125 TITAN KS,MT,HONDA,CG 125 TITAN KS,Moto,VERDE,CG 125,"R$5.111,00","R$1.533,30",
22120281,Rondonópolis,Conservado,,HONDA/CG 125 TITAN KS,MT,HONDA,CG 125 TITAN KS,Moto,PRATA,CG 125,"R$5.111,00","R$1.533,30",
22120283,Rondonópolis,Conservado,,HONDA/CG 125 TITAN KS,MT,HONDA,CG 125 TITAN KS,Moto,AZUL,CG 125,"R$5.725,00","R$1.717,50","R$1.817,50"
22120284,Rondonópolis,Conservado,,HONDA/CG 125 TITAN KS,MT,HONDA,CG 125 TITAN KS,Moto,PRATA,CG 125,"R$5.725,00","R$1.717,50",
22120285,Rondonópolis,Conservado,,HONDA/CG 125 TITAN KS,MT,HONDA,CG 125 TITAN KS,Moto,VERDE,CG 125,"R$5.725,00","R$1.717,50","R$1.717,50"
22120286,Rondonópolis,Conservado,,HONDA/CG 150 FAN ESI,MT,HONDA,CG 150 FAN ESI,Moto,VERMELHA,CG 150,"R$8.791,00","R$2.637,30","R$3.037,30"
22120287,Rondonópolis,Conservado,,HONDA/CG 150 FAN ESI,MT,HONDA,CG 150 FAN ESI,Moto,VERMELHA,CG 150,"R$8.791,00","R$2.637,30","R$2.737,30"
22120288,Rondonópolis,Conservado,,HONDA/CG 150 FAN ESI,MT,HONDA,CG 150 FAN ESI,Moto,CINZA,CG 150,"R$9.168,00","R$2.750,40","R$2.950,40"
22120289,Rondonópolis,Conservado,,HONDA/CG 150 FAN ESI,MT,HONDA,CG 150 FAN ESI,Moto,PRETA,CG 150,"R$9.168,00","R$2.750,40","R$2.750,40"
22120290,Rondonópolis,Conservado,,HONDA/CG 150 TITAN ES,MT,HONDA,CG 150 TITAN ES,Moto,CINZA,CG 150,"R$7.626,00","R$2.287,80","R$2.587,80"
22120291,Rondonópolis,Conservado,,HONDA/CG 150 TITAN ESD,MT,HONDA,CG 150 TITAN ESD,Moto,PRETA,CG 150,"R$7.990,00","R$2.397,00","R$2.397,00"
22120292,Rondonópolis,Conservado,,HONDA/CG 150 TITAN ESD,MT,HONDA,CG 150 TITAN ESD,Moto,VERMELHA,CG 150,"R$8.190,00","R$2.457,00",
22120293,Rondonópolis,Conservado,,HONDA/CG 150 TITAN ESD,MT,HONDA,CG 150 TITAN ESD,Moto,PRETA,CG 150,"R$9.025,00","R$2.707,50","R$2.707,50"
22120294,Rondonópolis,Conservado,,HONDA/CG 150 TITAN EX,MT,HONDA,CG 150 TITAN EX,Moto,AZUL,CG 150,"R$9.405,00","R$2.821,50",
22120295,Rondonópolis,Conservado,,HONDA/CG 150 TITAN EX,MT,HONDA,CG 150 TITAN EX,Moto,VERMELHA,CG 150,"R$9.999,00","R$2.999,70","R$4.299,70"
22120296,Rondonópolis,Conservado,,HONDA/CG 150 TITAN KS,MT,HONDA,CG 150 TITAN KS,Moto,CINZA,CG 150,"R$6.620,00","R$1.986,00","R$1.986,00"
22120297,Rondonópolis,Conservado,,HONDA/CG 150 TITAN KS,MT,HONDA,CG 150 TITAN KS,Moto,PRETA,CG 150,"R$6.792,00","R$2.037,60",
22120298,Rondonópolis,Conservado,,HONDA/CG 150 TITAN KS,MT,HONDA,CG 150 TITAN KS,Moto,AZUL,CG 150,"R$7.206,00","R$2.161,80",
22120299,Rondonópolis,Conservado,,HONDA/CG 150 TITAN KS,MT,HONDA,CG 150 TITAN KS,Moto,AZUL,CG 150,"R$7.396,00","R$2.218,80",
22120300,Rondonópolis,Conservado,,HONDA/CG 150 TITAN KS,MT,HONDA,CG 150 TITAN KS,Moto,AZUL,CG 150,"R$7.781,00","R$2.334,30","R$2.534,30"
22120301,Rondonópolis,Conservado,,HONDA/CG 160 START,MT,HONDA,CG 160 START,Moto,VERMELHA,CG 160,"R$12.236,00","R$3.670,80","R$6.700,00"
22120302,Rondonópolis,Conservado,,HONDA/CG 160 TITAN,MT,HONDA,CG 160 TITAN,Moto,VERMELHA,CG 160,"R$14.620,00","R$4.386,00","R$5.086,00"
22120303,Rondonópolis,Conservado,,HONDA/CG150 FAN ESDI,MT,HONDA,CG150 FAN ESDI,Moto,PRETA,CG 150,"R$9.545,00","R$2.863,50","R$3.263,50"
22120304,Rondonópolis,Conservado,,HONDA/NXR125 BROS ES,MT,HONDA,NXR125 BROS ES,Moto,VERMELHA,BROS,"R$6.944,00","R$2.083,20",
22120305,Rondonópolis,Conservado,,HONDA/NXR150 BROS ES,MT,HONDA,NXR150 BROS ES,Moto,PRETA,BROS,"R$8.472,00","R$2.541,60","R$2.541,60"
22120306,Rondonópolis,Conservado,,HONDA/NXR150 BROS ES,MT,HONDA,NXR150 BROS ES,Moto,VERMELHA,BROS,"R$11.783,00","R$3.534,90","R$5.834,90"
22120307,Rondonópolis,Conservado,,HONDA/POP100,MT,HONDA,POP100,Moto,BRANCA,POP 100,"R$5.696,00","R$1.708,80","R$1.908,80"
22120308,Rondonópolis,Conservado,,JTA/SUZUKI EN125 YES,MT,JTA,SUZUKI EN125 YES,Moto,PRETA,EN 125,"R$4.907,00","R$1.472,10","R$1.472,10"
22120309,Rondonópolis,Conservado,,JTA/SUZUKI EN125 YES,MT,JTA,SUZUKI EN125 YES,Moto,PRETA,EN 125,"R$5.143,00","R$1.542,90",
22120310,Rondonópolis,Conservado,,JTA/SUZUKI EN125 YES SE,MT,JTA,SUZUKI EN125 YES SE,Moto,PRETA,EN 125,"R$6.874,00","R$2.062,20",
22120311,Rondonópolis,Conservado,,YAMAHA/FACTOR YBR125 E,MT,YAMAHA,FACTOR YBR125 E,Moto,PRETA,FACTOR,"R$5.639,00","R$1.691,70",
22120312,Rondonópolis,Conservado,,YAMAHA/FACTOR YBR125 ED,MT,YAMAHA,FACTOR YBR125 ED,Moto,VERMELHA,FACTOR,"R$6.382,00","R$1.914,60","R$2.214,60"
22120313,Rondonópolis,Conservado,,YAMAHA/FACTOR YBR125 K,MT,YAMAHA,FACTOR YBR125 K,Moto,PRETA,FACTOR,"R$6.161,00","R$1.848,30","R$1.848,30"
22120314,Rondonópolis,Conservado,,YAMAHA/YBR 125E,MT,YAMAHA,YBR 125E,Moto,PRETA,YBR 125,"R$4.246,00","R$1.273,80","R$1.373,80"
22120316,Rondonópolis,Conservado,,YAMAHA/YBR 125K,MT,YAMAHA,YBR 125K,Moto,VERMELHA,YBR 125,"R$4.989,00","R$1.496,70","R$1.496,70"
22120317,Rondonópolis,Conservado,,YAMAHA/YBR 125K,MT,YAMAHA,YBR 125K,Moto,PRETA,YBR 125,"R$5.180,00","R$1.554,00",
22120318,Rondonópolis,Conservado,,YAMAHA/YBR 125K,MT,YAMAHA,YBR 125K,Moto,PRETA,YBR 125,"R$5.180,00","R$1.554,00",
22120320,Rondonópolis,Conservado,,HONDA/BIZ 125 KS,MT,HONDA,BIZ 125 KS,Moto,AZUL,BIZ,"R$6.517,00","R$1.955,10","R$2.755,10"
22120321,Rondonópolis,Conservado,,HONDA/C100 BIZ,MT,HONDA,C100 BIZ,Moto,VERMELHA,BIZ,"R$5.033,00","R$1.509,90","R$1.700,00"
22120322,Rondonópolis,Conservado,,HONDA/C100 BIZ,MT,HONDA,C100 BIZ,Moto,VERMELHA,BIZ,"R$5.775,00","R$1.732,50","R$1.732,50"
22120323,Rondonópolis,Conservado,,HONDA/C100 BIZ ES,MT,HONDA,C100 BIZ ES,Moto,PRETA,BIZ,"R$5.033,00","R$1.509,90","R$1.809,90"
22120324,Rondonópolis,Conservado,,HONDA/C100 BIZ ES,MT,HONDA,C100 BIZ ES,Moto,AZUL,BIZ,"R$5.775,00","R$1.732,50","R$2.132,50"
22120325,Rondonópolis,Conservado,,REB/METALPI,MT,REB,METALPI,Carro,BRANCA,METALPI,"R$20.000,00","R$6.000,00","R$27.200,00"
22120326,Rondonópolis,Conservado,,SR/GUERRA AG GR,MT,SR,GUERRA AG GR,Carro,CINZA,GUERRA,"R$85.000,00","R$25.500,00","R$26.000,00"
22120327,Rondonópolis,Conservado,,SR/GUERRA AG GR,MT,SR,GUERRA AG GR,Carro,CINZA,GUERRA,"R$85.000,00","R$25.500,00","R$26.000,00"
22120328,Rondonópolis,Conservado,,SR/RANDON SR CA,MT,SR,RANDON SR CA,Carro,BRANCA,RANDON,"R$75.000,00","R$22.500,00",
22120329,Rondonópolis,Conservado,,SR/RANDON SR CA,MT,SR,RANDON SR CA,Carro,BRANCA,RANDON,"R$75.000,00","R$22.500,00",
22120331,Rondonópolis,Conservado,,FIAT/UNO VIVACE 1.0,PR,FIAT,UNO VIVACE 1.0,Carro,VERMELHA,UNO,"R$26.555,00","R$7.966,50","R$13.166,50"
22120332,Rondonópolis,Conservado,,HONDA/CG 150 TITAN ESD,PR,HONDA,CG 150 TITAN ESD,Moto,PRETA,CG 150,"R$9.370,00","R$2.811,00","R$2.811,00"
22120333,Rondonópolis,Conservado,,HONDA/CG 150 TITAN KS,RO,HONDA,CG 150 TITAN KS,Moto,PRETA,CG 150,"R$7.396,00","R$2.218,80",
22120334,Rondonópolis,Conservado,,VW/VOYAGE 1.0,SC,VW,VOYAGE 1.0,Carro,PRETA,VOYAGE,"R$29.716,00","R$8.914,80","R$12.314,80"
22120337,Rondonópolis,Conservado,,GM/PRISMA MAXX,SP,GM,PRISMA MAXX,Carro,PRETA,PRISMA,"R$26.574,00","R$7.972,20","R$17.800,00"
22120338,Rondonópolis,Conservado,,YAMAHA/FACTOR YBR125 E,SP,YAMAHA,FACTOR YBR125 E,Moto,ROXA,FACTOR,"R$6.235,00","R$1.870,50","R$1.970,50"
22120339,Rondonópolis,Conservado,,SR/LIBRELATO SRCS 3E,SP,SR,LIBRELATO SRCS 3E,Carro,BRANCA,LIBRELATO,"R$68.000,00","R$20.400,00","R$36.400,00"
22220341,Alto Garçal,Conservado,,HONDA/CG150 TITAN MIX KS,GO,HONDA,CG150 TITAN MIX KS,Moto,LARANJA,CG 150,"R$8.112,00","R$2.433,60","R$3.333,60"
22220342,Alto Garçal,Conservado,,FORD/FIESTA FLEX,MT,FORD,FIESTA FLEX,Carro,BRANCA,FIESTA,"R$25.176,00","R$7.552,80",
22220343,Alto Garçal,Conservado,,FORD/KA FLEX,SP,FORD,KA FLEX,Carro,PRETA,KA,"R$22.119,00","R$6.635,70","R$8.700,00"
22220345,Alto Garçal,Conservado,,VOLVO/VM 260 6X2R,SP,VOLVO,VM 260 6X2R,Caminhão,BRANCA,VM 260,"R$178.563,00","R$53.568,90","R$135.500,00"
23120346,Cáceres,Conservado,,YAMAHA/YBR 125K,MT,YAMAHA,YBR 125K,Moto,AZUL,YBR 125,"R$5.180,00","R$1.554,00",
23120347,Cáceres,Conservado,,VW/FOX 1.0,GO,VW,FOX 1.0,Carro,CINZA,FOX,"R$16.601,00","R$4.980,30","R$4.980,30"
23120348,Cáceres,Conservado,,FIAT/PALIO FIRE,MT,FIAT,PALIO FIRE,Carro,PRATA,PALIO,"R$15.661,00","R$4.698,30",
23120350,Cáceres,Conservado,,FIAT/PALIO WEEK TREKKING,MT,FIAT,PALIO WEEK TREKKING,Carro,BRANCA,PALIO,"R$27.826,00","R$8.347,80","R$9.147,80"
23120353,Cáceres,Conservado,,GM/CELTA,MT,GM,CELTA,Carro,PRETA,CELTA,"R$12.038,00","R$3.611,40",
23120354,Cáceres,Conservado,,GM/CELTA 3 PORTAS,MT,GM,CELTA 3 PORTAS,Carro,BRANCA,CELTA,"R$13.608,00","R$4.082,40",
23120355,Cáceres,Conservado,,VW/GOL 1.0,MT,VW,GOL 1.0,Carro,PRATA,GOL,"R$21.126,00","R$6.337,80",
23120356,Cáceres,Conservado,,VW/GOL 1.0 GIV,MT,VW,GOL 1.0 GIV,Carro,VERMELHA,GOL,"R$23.959,00","R$7.187,70","R$7.187,70"
23120357,Cáceres,Conservado,,VW/GOL 16V POWER,MT,VW,GOL 16V POWER,Carro,BRANCA,GOL,"R$14.308,00","R$4.292,40",
23120359,Cáceres,Conservado,,HONDA/CBX 250 TWISTER,MT,HONDA,CBX 250 TWISTER,Moto,VERMELHA,CBX 250,"R$8.169,00","R$2.450,70","R$2.450,70"
23120360,Cáceres,Conservado,,HONDA/CG 125 FAN,MT,HONDA,CG 125 FAN,Moto,PRETA,CG 125,"R$5.235,00","R$1.570,50","R$1.600,00"
23120361,Cáceres,Conservado,,HONDA/CG 125 FAN,MT,HONDA,CG 125 FAN,Moto,PRETA,CG 125,"R$5.507,00","R$1.652,10","R$1.752,10"
23120362,Cáceres,Conservado,,HONDA/CG 125 FAN,MT,HONDA,CG 125 FAN,Moto,CINZA,CG 125,"R$5.507,00","R$1.652,10","R$1.652,10"
23120363,Cáceres,Conservado,,HONDA/CG 125 FAN ES,MT,HONDA,CG 125 FAN ES,Moto,VERMELHA,CG 125,"R$7.163,00","R$2.148,90","R$2.648,90"
23120364,Cáceres,Conservado,,HONDA/CG 125 FAN KS,MT,HONDA,CG 125 FAN KS,Moto,PRETA,CG 125,"R$5.648,00","R$1.694,40",
23120365,Cáceres,Conservado,,HONDA/CG 125 FAN KS,MT,HONDA,CG 125 FAN KS,Moto,PRETA,CG 125,"R$6.482,00","R$1.944,60","R$1.944,60"
23120366,Cáceres,Conservado,,HONDA/CG 125 FAN KS,MT,HONDA,CG 125 FAN KS,Moto,VERMELHA,CG 125,"R$6.482,00","R$1.944,60","R$1.944,60"
23120367,Cáceres,Conservado,,HONDA/CG 125 TITAN,MT,HONDA,CG 125 TITAN,Moto,VERMELHA,CG 125,"R$4.415,00","R$1.324,50","R$1.324,50"
23120368,Cáceres,Conservado,,HONDA/CG 125 TITAN,MT,HONDA,CG 125 TITAN,Moto,VERDE,CG 125,"R$4.526,00","R$1.357,80",
23120369,Cáceres,Conservado,,HONDA/CG 125 TITAN KS,MT,HONDA,CG 125 TITAN KS,Moto,VERMELHA,CG 125,"R$5.111,00","R$1.533,30",
23120370,Cáceres,Conservado,,HONDA/CG 125 TITAN KS,MT,HONDA,CG 125 TITAN KS,Moto,VERDE,CG 125,"R$5.725,00","R$1.717,50",
23120371,Cáceres,Conservado,,HONDA/CG 150 FAN ESI,MT,HONDA,CG 150 FAN ESI,Moto,PRATA,CG 150,"R$8.791,00","R$2.637,30","R$5.237,30"
23120372,Cáceres,Conservado,,HONDA/CG 150 TITAN ESD,MT,HONDA,CG 150 TITAN ESD,Moto,CINZA,CG 150,"R$8.493,00","R$2.547,90","R$2.647,90"
23120373,Cáceres,Conservado,,HONDA/CG 150 TITAN KS,MT,HONDA,CG 150 TITAN KS,Moto,VERMELHA,CG 150,"R$7.206,00","R$2.161,80",
23120374,Cáceres,Conservado,,HONDA/CG 160 START,MT,HONDA,CG 160 START,Moto,PRETA,CG 160,"R$13.197,00","R$3.959,10","R$6.859,10"
23120375,Cáceres,Conservado,,JTA/SUZUKI EN125 YES,MT,JTA,SUZUKI EN125 YES,Moto,PRETA,EN 125,"R$5.430,00","R$1.629,00",
23120376,Cáceres,Conservado,,JTA/SUZUKI EN125 YES SE,MT,JTA,SUZUKI EN125 YES SE,Moto,LARANJA,EN 125,"R$5.723,00","R$1.716,90","R$1.716,90"
23120377,Cáceres,Conservado,,JTA/SUZUKI INTRUDER 125,MT,JTA,SUZUKI INTRUDER 125,Moto,VERMELHA,INTRUDER,"R$6.350,00","R$1.905,00",
23120378,Cáceres,Conservado,,TRAXX/JL125-9,MT,TRAXX,JL125-9,Moto,PRATA,JL125,"R$3.037,00","R$911,10",
23120379,Cáceres,Conservado,,YAMAHA/FACTOR YBR125 ED,MT,YAMAHA,FACTOR YBR125 ED,Moto,PRETA,FACTOR,"R$6.382,00","R$1.914,60","R$1.914,60"
23120380,Cáceres,Conservado,,YAMAHA/LANDER XTZ250,MT,YAMAHA,LANDER XTZ250,Moto,BRANCA,LANDER,"R$10.761,00","R$3.228,30","R$6.328,30"
23120382,Cáceres,Conservado,,HONDA/BIZ 100 ES,MT,HONDA,BIZ 100 ES,Moto,PRETA,BIZ,"R$10.038,00","R$3.011,40",
23120383,Cáceres,Conservado,,HONDA/BIZ 125,MT,HONDA,BIZ 125,Moto,BRANCA,BIZ,"R$15.497,00","R$4.649,10","R$8.949,10"
23120384,Cáceres,Conservado,,HONDA/BIZ 125 ES,MT,HONDA,BIZ 125 ES,Moto,CINZA,BIZ,"R$7.484,00","R$2.245,20","R$3.600,00"
23120385,Cáceres,Conservado,,HONDA/C100 BIZ,MT,HONDA,C100 BIZ,Moto,VERMELHA,BIZ,"R$6.268,00","R$1.880,40","R$1.980,40"
23120386,Cáceres,Conservado,,YAMAHA/CRYPTON T105E,MT,YAMAHA,CRYPTON T105E,Moto,PRETA,CRYPTON,"R$3.117,00","R$935,10",
23120388,Cáceres,Conservado,,CHEV/ONIX PLUS JOY,RO,GM,ONIX PLUS JOY,Carro,CINZA,ONIX,"R$55.775,00","R$16.732,50","R$41.200,00"
23120389,Cáceres,Conservado,,VW/GOL SPECIAL,SP,VW,GOL SPECIAL,Carro,BRANCA,GOL,"R$13.045,00","R$3.913,50","R$4.313,50"
23220392,Poconé,Conservado,,CHEVROLET/CLASSIC LS,MT,GM,CLASSIC LS,Carro,PRETA,CLASSIC,"R$22.341,00","R$6.702,30","R$8.500,00"
23220393,Poconé,Conservado,,CITROEN/PICASSO II16GLXF,MT,CITROEN,PICASSO II16GLXF,Carro,PRETA,PICASSO,"R$19.804,00","R$5.941,20",
23220396,Poconé,Conservado,,VW/VOYAGE 1.0L MC4,MT,VW,VOYAGE 1.0L MC4,Carro,PRETA,VOYAGE,"R$50.006,00","R$15.001,80","R$30.601,80"
23220398,Poconé,Conservado,,HONDA/CG 125 FAN,MT,HONDA,CG 125 FAN,Moto,PRETA,CG 125,"R$5.507,00","R$1.652,10","R$1.800,00"
23220400,Poconé,Conservado,,HONDA/CG 125 TITAN ES,MT,HONDA,CG 125 TITAN ES,Moto,AZUL,CG 125,"R$6.451,00","R$1.935,30",
23220401,Poconé,Conservado,,HONDA/NXR150 BROS ESD,MT,HONDA,NXR150 BROS ESD,Moto,LARANJA,BROS,"R$10.980,00","R$3.294,00","R$6.000,00"
23220402,Poconé,Conservado,,YAMAHA/YBR 125K,MT,YAMAHA,YBR 125K,Moto,PRETA,YBR 125,"R$5.180,00","R$1.554,00",
23220403,Poconé,Conservado,,HYUNDAI/CRETA 16A ACTION,PR,HYUNDAI,CRETA 16A ACTION,Carro,PRATA,CRETA,"R$96.747,00","R$29.024,10","R$77.400,00"
24120406,Pontes e Licentia,Conservado,,YAMAHA/YBR125 FACTOR K1,MS,YAMAHA,YBR125 FACTOR K1,Moto,PRETA,FACTOR,"R$7.232,00","R$2.169,60",
24120408,Pontes e Licentia,Conservado,,FIAT/PALIO FIRE ECONOMY,MT,FIAT,PALIO FIRE ECONOMY,Carro,BRANCA,PALIO,"R$26.348,00","R$7.904,40","R$7.904,40"
24120409,Pontes e Licentia,Conservado,,FIAT/PALIO FIRE FLEX,MT,FIAT,PALIO FIRE FLEX,Carro,BRANCA,PALIO,"R$26.574,00","R$7.972,20","R$7.972,20"
24120411,Pontes e Licentia,Conservado,,GM/CELTA,MT,GM,CELTA,Carro,BRANCA,CELTA,"R$12.038,00","R$3.611,40",
24120412,Pontes e Licentia,Conservado,,VW/GOL CLI,MT,VW,GOL CLI,Carro,PRATA,GOL,"R$14.078,00","R$4.223,40",
24120413,Pontes e Licentia,Conservado,,HONDA/CB 300R,MT,HONDA,CB 300R,Moto,AMARELA,CB 300,"R$9.317,00","R$2.795,10","R$3.295,10"
24120414,Pontes e Licentia,Conservado,,HONDA/CB 300R,MT,HONDA,CB 300R,Moto,VERMELHA,CB 300,"R$9.571,00","R$2.871,30","R$2.971,30"
24120415,Pontes e Licentia,Conservado,,HONDA/CB 300R,MT,HONDA,CB 300R,Moto,PRETA,CB 300,"R$10.778,00","R$3.233,40","R$3.733,40"
24120417,Pontes e Licentia,Conservado,,HONDA/CG 125 FAN ES,MT,HONDA,CG 125 FAN ES,Moto,PRETA,CG 125,"R$7.538,00","R$2.261,40","R$2.600,00"
24120418,Pontes e Licentia,Conservado,,HONDA/CG 125 FAN ES,MT,HONDA,CG 125 FAN ES,Moto,ROXA,CG 125,"R$7.538,00","R$2.261,40","R$2.261,40"
24120419,Pontes e Licentia,Conservado,,HONDA/CG 125 TITAN,MT,HONDA,CG 125 TITAN,Moto,VERMELHA,CG 125,"R$5.097,00","R$1.529,10",
24120420,Pontes e Licentia,Conservado,,HONDA/CG 125 TITAN,MT,HONDA,CG 125 TITAN,Moto,VERMELHA,CG 125,"R$5.097,00","R$1.529,10",
24120422,Pontes e Licentia,Conservado,,HONDA/CG 125 TITAN KS,MT,HONDA,CG 125 TITAN KS,Moto,AZUL,CG 125,"R$5.725,00","R$1.717,50",
24120423,Pontes e Licentia,Conservado,,HONDA/CG 125 TITAN KS,MT,HONDA,CG 125 TITAN KS,Moto,VERMELHA,CG 125,"R$5.923,00","R$1.776,90","R$1.776,90"
24120425,Pontes e Licentia,Conservado,,HONDA/CG 160 TITAN,MT,HONDA,CG 160 TITAN,Moto,PRATA,CG 160,"R$14.620,00","R$4.386,00","R$5.286,00"
24120426,Pontes e Licentia,Conservado,,HONDA/NXR 160 BROS,MT,HONDA,NXR 160 BROS,Moto,PRETA,BROS,"R$14.071,00","R$4.221,30",
24120428,Pontes e Licentia,Conservado,,HONDA/NXR150 BROS ESD,MT,HONDA,NXR150 BROS ESD,Moto,PRETA,BROS,"R$11.758,00","R$3.527,40","R$3.927,40"
24120430,Pontes e Licentia,Conservado,,JTA-SUZUKI/GSR1501,MT,JTA,GSR1501,Moto,VERMELHA,GSR150,"R$6.794,00","R$2.038,20",
24120431,Pontes e Licentia,Conservado,,JTA/SUZUKI EN125 YES,MT,JTA,SUZUKI EN125 YES,Moto,VERMELHA,EN 125,"R$5.143,00","R$1.542,90",
24120433,Pontes e Licentia,Conservado,,YAMAHA/YBR 125K,MT,YAMAHA,YBR 125K,Moto,PRETA,YBR 125,"R$5.180,00","R$1.554,00",
24120434,Pontes e Licentia,Conservado,,HONDA/C100 BIZ ES,MT,HONDA,C100 BIZ ES,Moto,PRETA,BIZ,"R$6.268,00","R$1.880,40","R$2.080,40"
24120435,Pontes e Licentia,Conservado,,FIAT/SIENA FIRE FLEX,PR,FIAT,SIENA FIRE FLEX,Carro,BRANCA,SIENA,"R$22.279,00","R$6.683,70","R$6.683,70"
24120437,Pontes e Licentia,Conservado,,VW/GOL I,RO,VW,GOL I,Carro,PRETA,GOL,"R$10.102,00","R$3.030,60",
24120438,Pontes e Licentia,Conservado,,HONDA/CG 150 TITAN KS,RO,HONDA,CG 150 TITAN KS,Moto,PRETA,CG 150,"R$7.030,00","R$2.109,00",
24120439,Pontes e Licentia,Conservado,,VW/GOL 16V PLUS,SP,VW,GOL 16V PLUS,Carro,VERDE,GOL,"R$10.717,00","R$3.215,10",
24220444,Comodoro,Conservado,,PEUGEOT/207HB XLINE,MT,PEUGEOT,207HB XLINE,Carro,PRATA,207,"R$18.145,00","R$5.443,50","R$5.643,50"
24220446,Comodoro,Conservado,,DAFRA/NEXT 250,MT,DAFRA,NEXT 250,Moto,BRANCA,NEXT 250,"R$8.253,00","R$2.475,90",
24220447,Comodoro,Conservado,,HONDA/CG 160 START,MT,HONDA,CG 160 START,Moto,VERMELHA,CG 160,"R$12.236,00","R$3.670,80","R$4.270,80"
24220448,Comodoro,Conservado,,HONDA/CG150 START,MT,HONDA,CG150 START,Moto,VERMELHA,CG 150,"R$9.979,00","R$2.993,70","R$3.693,70"
24220449,Comodoro,Conservado,,HONDA/CG 150 TITAN ESD,RO,HONDA,CG 150 TITAN ESD,Moto,PRETA,CG 150,"R$7.795,00","R$2.338,50","R$2.538,50"
24220450,Comodoro,Conservado,,HONDA/CG 150 TITAN KS,RO,HONDA,CG 150 TITAN KS,Moto,VERMELHA,CG 150,"R$7.781,00","R$2.334,30","R$2.334,30"
25120452,Primavera do Leste,Conservado,,VW/SAVEIRO 1.6 CE CROSS,GO,VW,SAVEIRO 1.6 CE CROSS,Carro,BRANCA,SAVEIRO,"R$47.466,00","R$14.239,80","R$26.439,80"
25120453,Primavera do Leste,Conservado,,HONDA/CG 125 FAN ES,GO,HONDA,CG 125 FAN ES,Moto,VERMELHA,CG 125,"R$7.343,00","R$2.202,90","R$2.502,90"
25120454,Primavera do Leste,Conservado,,I/PORSCHE CAYENNE S,MS,PORSCHE,PORSCHE CAYENNE S,Carro,PRETA,CAYENNE,"R$87.748,00","R$26.324,40","R$35.524,40"
25120455,Primavera do Leste,Conservado,,HONDA/XRE 300,MS,HONDA,XRE 300,Moto,PRETA,XRE 300,"R$19.782,00","R$5.934,60","R$8.634,60"
25120457,Primavera do Leste,Conservado,,FIAT/DOBLO ELX 1.8 FLEX,MT,FIAT,DOBLO ELX 1.8 FLEX,Carro,CINZA,DOBLO,"R$29.536,00","R$8.860,80","R$16.400,00"
25120460,Primavera do Leste,Conservado,,FORD/FIESTA GL,MT,FORD,FIESTA GL,Carro,PRATA,FIESTA,"R$10.139,00","R$3.041,70","R$3.241,70"
25120462,Primavera do Leste,Conservado,,VW/GOL 10001,MT,VW,GOL 10001,Carro,PRETA,GOL,"R$9.678,00","R$2.903,40","R$2.903,40"
25120463,Primavera do Leste,Conservado,,VW/GOL CL 1.6 MI,MT,VW,GOL CL 1.6 MI,Carro,AZUL,GOL,"R$11.672,00","R$3.501,60",
25120467,Primavera do Leste,Conservado,,HONDA/CB 300R,MT,HONDA,CB 300R,Moto,PRATA,CB 300,"R$12.800,00","R$3.840,00","R$5.340,00"
25120468,Primavera do Leste,Conservado,,HONDA/CG 125 FAN,MT,HONDA,CG 125 FAN,Moto,PRATA,CG 125,"R$5.235,00","R$1.570,50","R$1.870,50"
25120469,Primavera do Leste,Conservado,,HONDA/CG 125 FAN ES,MT,HONDA,CG 125 FAN ES,Moto,AZUL,CG 125,"R$7.163,00","R$2.148,90","R$2.748,90"
25120470,Primavera do Leste,Conservado,,HONDA/CG 125 TITAN,MT,HONDA,CG 125 TITAN,Moto,PRATA,CG 125,"R$4.526,00","R$1.357,80",
25120471,Primavera do Leste,Conservado,,HONDA/CG 125 TITAN ES,MT,HONDA,CG 125 TITAN ES,Moto,VERMELHA,CG 125,"R$6.293,00","R$1.887,90","R$1.987,90"
25120475,Primavera do Leste,Conservado,,HONDA/CG 125 TITAN KS,MT,HONDA,CG 125 TITAN KS,Moto,PRATA,CG 125,"R$5.725,00","R$1.717,50",
25120477,Primavera do Leste,Conservado,,HONDA/CG 150 FAN ESI,MT,HONDA,CG 150 FAN ESI,Moto,VERMELHA,CG 150,"R$8.327,00","R$2.498,10","R$4.798,10"
25120478,Primavera do Leste,Conservado,,HONDA/CG 150 TITAN ES,MT,HONDA,CG 150 TITAN ES,Moto,VERMELHA,CG 150,"R$6.884,00","R$2.065,20","R$2.065,20"
25120480,Primavera do Leste,Conservado,,HONDA/CG 150 TITAN ESD,MT,HONDA,CG 150 TITAN ESD,Moto,VERMELHA,CG 150,"R$8.190,00","R$2.457,00","R$2.457,00"
25120481,Primavera do Leste,Conservado,,HONDA/CG 150 TITAN EX,MT,HONDA,CG 150 TITAN EX,Moto,PRETA,CG 150,"R$9.641,00","R$2.892,30","R$4.992,30"
25120483,Primavera do Leste,Conservado,,HONDA/NX-4 FALCON,MT,HONDA,NX-4 FALCON,Moto,PRATA,FALCON,"R$14.440,00","R$4.332,00","R$5.232,00"
25120484,Primavera do Leste,Conservado,,JTA/SUZUKI INTRUDER 125,MT,JTA,SUZUKI INTRUDER 125,Moto,PRETA,INTRUDER,"R$6.195,00","R$1.858,50",
25120485,Primavera do Leste,Conservado,,YAMAHA/FAZER250 BLUEFLEX,MT,YAMAHA,FAZER250 BLUEFLEX,Moto,VERMELHA,FAZER,"R$15.014,00","R$4.504,20","R$6.600,00"
25120486,Primavera do Leste,Conservado,,YAMAHA/YBR 125K,MT,YAMAHA,YBR 125K,Moto,PRETA,YBR 125,"R$5.180,00","R$1.554,00",
25120487,Primavera do Leste,Conservado,,HONDA/BIZ 125 ES,MT,HONDA,BIZ 125 ES,Moto,VERMELHA,BIZ,"R$7.484,00","R$2.245,20","R$3.445,20"
25120488,Primavera do Leste,Conservado,,HONDA/BIZ 125 ES,MT,HONDA,BIZ 125 ES,Moto,VERMELHA,BIZ,"R$10.154,00","R$3.046,20","R$5.646,20"
25120489,Primavera do Leste,Conservado,,HONDA/BIZ 125 KS,MT,HONDA,BIZ 125 KS,Moto,VERMELHA,BIZ,"R$7.876,00","R$2.362,80","R$3.462,80"
25120490,Primavera do Leste,Conservado,,HONDA/C100 BIZ ES,MT,HONDA,C100 BIZ ES,Moto,VERMELHA,BIZ,"R$6.438,00","R$1.931,40","R$2.731,40"
25120491,Primavera do Leste,Conservado,,YAMAHA/CRYPTON T105E,MT,YAMAHA,CRYPTON T105E,Moto,AZUL,CRYPTON,"R$2.379,00","R$713,70","R$1.513,70"
25220494,Campo Verde,Conservado,,VW/VOYAGE 1.6 TREND,GO,VW,VOYAGE 1.6 TREND,Carro,PRATA,VOYAGE,"R$27.744,00","R$8.323,20","R$8.523,20"
25220495,Campo Verde,Conservado,,FIAT/STRADA WORKING,MS,FIAT,STRADA WORKING,Carro,BRANCA,STRADA,"R$61.570,00","R$18.471,00","R$28.471,00"
25220499,Campo Verde,Conservado,,I/VW SPACEFOX COMFORT,MT,VW,VW SPACEFOX COMFORT,Carro,CINZA,SPACEFOX,"R$28.486,00","R$8.545,80","R$11.545,80"
25220500,Campo Verde,Conservado,,VW/GOL 1.0 GIV,MT,VW,GOL 1.0 GIV,Carro,CINZA,GOL,"R$31.441,00","R$9.432,30","R$9.432,30"
25220501,Campo Verde,Conservado,,VW/GOL SERIE OURO,MT,VW,GOL SERIE OURO,Carro,CINZA,GOL,"R$11.043,00","R$3.312,90",
25220503,Campo Verde,Conservado,,VW/PARATI ATLANTA 1.8,MT,VW,PARATI ATLANTA 1.8,Carro,PRATA,PARATI,"R$19.529,00","R$5.858,70",
25220505,Campo Verde,Conservado,,HONDA/CB 300R,MT,HONDA,CB 300R,Moto,VERMELHA,CB 300,"R$12.800,00","R$3.840,00","R$5.640,00"
25220506,Campo Verde,Conservado,,HONDA/CG 125 FAN,MT,HONDA,CG 125 FAN,Moto,CINZA,CG 125,"R$5.507,00","R$1.652,10","R$2.952,10"
25220508,Campo Verde,Conservado,,HONDA/XR 250 TORNADO,MT,HONDA,XR 250 TORNADO,Moto,VERMELHA,XR 250,"R$9.177,00","R$2.753,10","R$3.853,10"
25220510,Campo Verde,Conservado,,IMP/REB BOΝΑΝΟ SRFMN TE,BA,IMP,REB BOΝΑΝΟ SRFMN TE,Carro,BRANCA,BONANO,"R$40.000,00","R$12.000,00","R$19.500,00"
25220512,Campo Verde,Conservado,,HONDA/CG 125 FAN ES,PR,HONDA,CG 125 FAN ES,Moto,PRETA,CG 125,"R$7.538,00","R$2.261,40","R$3.561,40"
26120515,Sorriso,Conservado,,M.BENZ/LS 1634,BA,M.BENZ,LS 1634,Caminhão,BRANCA,LS,"R$171.229,00","R$51.368,70","R$54.368,70"
26120518,Sorriso,Conservado,,SCANIA/R 480 A6X4,MS,SCANIA,R 480 A6X4,Caminhão,BRANCA,R 480,"R$345.465,00","R$103.639,50","R$136.000,00"
26120520,Sorriso,Conservado,,CHEVROLET/CLASSIC,MT,GM,CLASSIC,Carro,PRATA,CLASSIC,"R$20.375,00","R$6.112,50","R$14.512,50"
26120521,Sorriso,Conservado,,CHEVROLET/ONIX 1.0MT LS,MT,GM,ONIX 1.0MT LS,Carro,BRANCA,ONIX,"R$42.554,00","R$12.766,20","R$21.566,20"
26120522,Sorriso,Conservado,,FIAT/PALIO FIRE ECONOMY,MT,FIAT,PALIO FIRE ECONOMY,Carro,BRANCA,PALIO,"R$28.377,00","R$8.513,10",
26120523,Sorriso,Conservado,,FIAT/UNO ELECTRONIC,MT,FIAT,UNO ELECTRONIC,Carro,BRANCA,UNO,"R$8.944,00","R$2.683,20","R$4.683,20"
26120527,Sorriso,Conservado,,FORD/FIESTA SEDAN1.6FLEX,MT,FORD,FIESTA SEDAN1.6FLEX,Carro,PRETA,FIESTA,"R$19.666,00","R$5.899,80","R$6.499,80"
26120528,Sorriso,Conservado,,GM/CELTA,MT,GM,CELTA,Carro,PRETA,CELTA,"R$13.148,00","R$3.944,40",
26120531,Sorriso,Conservado,,HONDA/CIVIC LXS FLEX,MT,HONDA,CIVIC LXS FLEX,Carro,PRETA,CIVIC,"R$41.361,00","R$12.408,30","R$15.408,30"
26120533,Sorriso,Conservado,,RENAULT/SANDERO EXP 16HP,MT,RENAULT,SANDERO EXP 16HP,Carro,PRETA,SANDERO,"R$29.512,00","R$8.853,60","R$9.053,60"
26120536,Sorriso,Conservado,,VW/GOL 1.0,MT,VW,GOL 1.0,Carro,PRATA,GOL,"R$23.959,00","R$7.187,70","R$10.187,70"
26120540,Sorriso,Conservado,,VW/GOL 16V,MT,VW,GOL 16V,Carro,PRATA,GOL,"R$10.773,00","R$3.231,90",
26120548,Sorriso,Conservado,,GM/S10 ADVANTAGE D,MT,GM,S10 ADVANTAGE D,Carro,AMARELA,S10,"R$49.840,00","R$14.952,00","R$29.952,00"
26120549,Sorriso,Conservado,,HONDA/CB 300R,MT,HONDA,CB 300R,Moto,AMARELA,CB 300,"R$9.317,00","R$2.795,10","R$5.295,10"
26120551,Sorriso,Conservado,,HONDA/CG 125 FAN KS,MT,HONDA,CG 125 FAN KS,Moto,PRETA,CG 125,"R$5.648,00","R$1.694,40","R$3.694,40"
26120552,Sorriso,Conservado,,HONDA/CG 125 FAN KS,MT,HONDA,CG 125 FAN KS,Moto,PRETA,CG 125,"R$6.819,00","R$2.045,70","R$3.345,70"
26120553,Sorriso,Conservado,,HONDA/CG 125 FAN KS,MT,HONDA,CG 125 FAN KS,Moto,PRETA,CG 125,"R$6.999,00","R$2.099,70","R$2.199,70"
26120555,Sorriso,Conservado,,HONDA/CG 150 FAN ESI,MT,HONDA,CG 150 FAN ESI,Moto,VERMELHA,CG 150,"R$8.791,00","R$2.637,30","R$2.837,30"
26120556,Sorriso,Conservado,,HONDA/CG 150 FAN ESI,MT,HONDA,CG 150 FAN ESI,Moto,PRETA,CG 150,"R$9.168,00","R$2.750,40","R$3.050,40"
26120557,Sorriso,Conservado,,HONDA/CG 150 TITAN ES,MT,HONDA,CG 150 TITAN ES,Moto,PRETA,CG 150,"R$7.440,00","R$2.232,00","R$2.232,00"
26120559,Sorriso,Conservado,,HONDA/CG 150 TITAN ESD,MT,HONDA,CG 150 TITAN ESD,Moto,PRETA,CG 150,"R$8.190,00","R$2.457,00","R$2.457,00"
26120560,Sorriso,Conservado,,HONDA/CG150 FAN ESDI,MT,HONDA,CG150 FAN ESDI,Moto,VERMELHA,CG 150,"R$10.550,00","R$3.165,00","R$6.465,00"
26120561,Sorriso,Conservado,,HONDA/NXR150 BROS ESD,MT,HONDA,NXR150 BROS ESD,Moto,AMARELA,BROS,"R$8.476,00","R$2.542,80","R$3.242,80"
26120562,Sorriso,Conservado,,YAMAHA/FACTOR YBR125 E,MT,YAMAHA,FACTOR YBR125 E,Moto,VERMELHA,FACTOR,"R$5.639,00","R$1.691,70",
26120563,Sorriso,Conservado,,YAMAHA/FACTOR YBR125 E,MT,YAMAHA,FACTOR YBR125 E,Moto,VERMELHA,FACTOR,"R$6.235,00","R$1.870,50","R$2.170,50"
26120564,Sorriso,Conservado,,YAMAHA/FACTOR YBR125 ED,MT,YAMAHA,FACTOR YBR125 ED,Moto,PRETA,FACTOR,"R$6.382,00","R$1.914,60",
26120566,Sorriso,Conservado,,HONDA/BIZ 125 ES,MT,HONDA,BIZ 125 ES,Moto,CINZA,BIZ,"R$7.978,00","R$2.393,40","R$2.693,40"
26120567,Sorriso,Conservado,,HONDA/BIZ 125 ES,MT,HONDA,BIZ 125 ES,Moto,VERMELHA,BIZ,"R$10.154,00","R$3.046,20",
26120568,Sorriso,Conservado,,HONDA/BIZ 125 MAIS,MT,HONDA,BIZ 125 MAIS,Moto,PRETA,BIZ,"R$7.185,00","R$2.155,50","R$2.255,50"
26120569,Sorriso,Conservado,,HONDA/C100 BIZ,MT,HONDA,C100 BIZ,Moto,VERMELHA,BIZ,"R$5.775,00","R$1.732,50",
26120570,Sorriso,Conservado,,YAMAHA/T115 CRYPTON K,MT,YAMAHA,T115 CRYPTON K,Moto,BRANCA,CRYPTON,"R$6.453,00","R$1.935,90","R$1.935,90"
26120574,Sorriso,Conservado,,FIAT/STRADA FIRE FLEX,PR,FIAT,STRADA FIRE FLEX,Carro,PRATA,STRADA,"R$48.841,00","R$14.652,30","R$14.652,30"
26120575,Sorriso,Conservado,,HONDA/CG 125 TITAN KS,PR,HONDA,CG 125 TITAN KS,Moto,AZUL,CG 125,"R$5.725,00","R$1.717,50","R$1.717,50"
26220578,Nova Santa Helena,Conservado,,FORD/FIESTA SEDAN1.6FLEX,GO,FORD,FIESTA SEDAN1.6FLEX,Carro,PRATA,FIESTA,"R$22.512,00","R$6.753,60",
26220579,Nova Santa Helena,Conservado,,FIAT/SIENA ATTRACTIV 1.4,MG,FIAT,SIENA ATTRACTIV 1.4,Carro,CINZA,SIENA,"R$33.819,00","R$10.145,70","R$13.900,00"
26220582,Nova Santa Helena,Conservado,,CITROEN/PICASSO 16EXCFLX,MT,CITROEN,PICASSO 16EXCFLX,Carro,PRETA,PICASSO,"R$15.012,00","R$4.503,60","R$4.503,60"
26220585,Nova Santa Helena,Conservado,,HONDA/CIVIC LXL,MT,HONDA,CIVIC LXL,Carro,PRATA,CIVIC,"R$25.780,00","R$7.734,00","R$7.734,00"
26220591,Nova Santa Helena,Conservado,,CHEVROLET/S10 LS FS2,MT,GM,S10 LS FS2,Carro,PRETA,S10,"R$84.280,00","R$25.284,00","R$42.484,00"
26220592,Nova Santa Helena,Conservado,,FIAT/STRADA ADVENT FLEX,MT,FIAT,STRADA ADVENT FLEX,Carro,BRANCA,STRADA,"R$39.800,00","R$11.940,00","R$11.940,00"
26220593,Nova Santa Helena,Conservado,,FORD/COURIER 1.6 L,MT,FORD,COURIER 1.6 L,Carro,PRATA,COURIER,"R$20.002,00","R$6.000,60",
26220596,Nova Santa Helena,Conservado,,HONDA/CG 125 FAN,MT,HONDA,CG 125 FAN,Moto,AZUL,CG 125,"R$5.507,00","R$1.652,10","R$1.652,10"
26220598,Nova Santa Helena,Conservado,,HONDA/CG 150 TITAN ESD,MT,HONDA,CG 150 TITAN ESD,Moto,BRANCA,CG 150,"R$11.018,00","R$3.305,40","R$5.200,00"
26220600,Nova Santa Helena,Conservado,,HONDA/NXR150 BROS ES,MT,HONDA,NXR150 BROS ES,Moto,BRANCA,BROS,"R$8.472,00","R$2.541,60",
26220601,Nova Santa Helena,Conservado,,HONDA/XRE 300,MT,HONDA,XRE 300,Moto,PRETA,XRE 300,"R$15.913,00","R$4.773,90","R$7.873,90"
26220603,Nova Santa Helena,Conservado,,YAMAHA/YBR 125E,MT,YAMAHA,YBR 125E,Moto,BRANCA,YBR 125,"R$5.084,00","R$1.525,20",
26220604,Nova Santa Helena,Conservado,,FIAT/STRADA WORKING,PR,FIAT,STRADA WORKING,Carro,PRETA,STRADA,"R$61.570,00","R$18.471,00","R$24.471,00"
26220605,Nova Santa Helena,Conservado,,RENAULT/LOGAN AUT 1016V,SC,RENAULT,LOGAN AUT 1016V,Carro,BRANCA,LOGAN,"R$19.846,00","R$5.953,80",
27120609,Barra do Garças,Conservado,,FIAT/UNO MILLE FIRE FLEX,GO,FIAT,UNO MILLE FIRE FLEX,Carro,PRETA,UNO,"R$17.990,00","R$5.397,00","R$10.197,00"
27120610,Barra do Garças,Conservado,,VW/GOL SPECIAL,GO,VW,GOL SPECIAL,Carro,PRETA,GOL,"R$13.045,00","R$3.913,50",
27120611,Barra do Garças,Conservado,,HONDA/CG 125 FAN,GO,HONDA,CG 125 FAN,Moto,PRETA,CG 125,"R$5.369,00","R$1.610,70","R$1.610,70"
27120612,Barra do Garças,Conservado,,HONDA/CG 125 TITAN ES,GO,HONDA,CG 125 TITAN ES,Moto,PRETA,CG 125,"R$6.619,00","R$1.985,70",
27120616,Barra do Garças,Conservado,,M.BENZ/710,MT,M.BENZ,710,Caminhão,PRETA,710,"R$138.444,00","R$41.533,20","R$89.000,00"
27120617,Barra do Garças,Conservado,,FIAT/STRADA ENDURANCE CS,MT,FIAT,STRADA ENDURANCE CS,Carro,PRETA,STRADA,"R$79.905,00","R$23.971,50","R$50.400,00"
27120618,Barra do Garças,Conservado,,HONDA/CG 150 FAN ESI,MT,HONDA,CG 150 FAN ESI,Moto,PRETA,CG 150,"R$8.791,00","R$2.637,30","R$3.737,30"
27120619,Barra do Garças,Conservado,,HONDA/CG 150 TITAN ES,MT,HONDA,CG 150 TITAN ES,Moto,PRETA,CG 150,"R$7.057,00","R$2.117,10","R$2.417,10"
27120620,Barra do Garças,Conservado,,HONDA/CG 150 TITAN ES,MT,HONDA,CG 150 TITAN ES,Moto,PRETA,CG 150,"R$7.626,00","R$2.287,80",
27120621,Barra do Garças,Conservado,,HONDA/CG 160 FAN ESDI,MT,HONDA,CG 160 FAN ESDI,Moto,PRETA,CG 160,"R$11.969,00","R$3.590,70","R$4.990,70"
27120622,Barra do Garças,Conservado,,HONDA/CG150 FAN ESDI,MT,HONDA,CG150 FAN ESDI,Moto,PRETA,CG 150,"R$10.292,00","R$3.087,60","R$4.387,60"
27120623,Barra do Garças,Conservado,,HONDA/CG150 FAN ESDI,MT,HONDA,CG150 FAN ESDI,Moto,PRETA,CG 150,"R$10.292,00","R$3.087,60","R$4.887,60"
27120624,Barra do Garças,Conservado,,HONDA/BIZ 125 KS,MT,HONDA,BIZ 125 KS,Moto,PRETA,BIZ,"R$7.059,00","R$2.117,70","R$3.217,70"
27120625,Barra do Garças,Conservado,,HONDA/C100 BIZ,MT,HONDA,C100 BIZ,Moto,PRETA,BIZ,"R$3.359,00","R$1.007,70","R$2.707,70"
27120626,Barra do Garças,Conservado,,HONDA/C100 BIZ,MT,HONDA,C100 BIZ,Moto,PRETA,BIZ,"R$4.209,00","R$1.262,70","R$2.562,70"
27120627,Barra do Garças,Conservado,,I/TRAXX JL50Q 2,MT,TRAXX,TRAXX JL50Q 2,Moto,PRETA,JL50,"R$1.895,00","R$568,50",
27120628,Barra do Garças,Conservado,,I/HYUNDAI VERACRUZ 3.8V6,MT,HYUNDAI,HYUNDAI VERACRUZ 3.8V6,Carro,PRETA,VERACRUZ,"R$50.857,00","R$15.257,10","R$26.900,00"
27120630,Barra do Garças,Conservado,,VW/GOL 1.0,PR,VW,GOL 1.0,Carro,PRETA,GOL,"R$32.362,00","R$9.708,60","R$12.708,60"
27120631,Barra do Garças,Conservado,,FORD/CARGO 4030,RO,FORD,CARGO 4030,Caminhão,PRETA,CARGO,"R$66.478,00","R$19.943,40","R$65.443,40"
27120632,Barra do Garças,Conservado,,FIAT/SIENA ESSENCE 1.6,SP,FIAT,SIENA ESSENCE 1.6,Carro,PRETA,SIENA,"R$39.258,00","R$11.777,40","R$13.377,40"
27120634,Barra do Garças,Conservado,,VW/NOVA SAVEIRO CS,SP,VW,NOVA SAVEIRO CS,Carro,PRETA,SAVEIRO,"R$60.493,00","R$18.147,90","R$20.747,90"
27220640,Água Boa,Conservado,,SCANIA/G 420 A6X4,MT,SCANIA,G 420 A6X4,Caminhão,PRETA,G 420,"R$231.021,00","R$69.306,30","R$130.306,30"
27220641,Água Boa,Conservado,,GM/C20 CUSTOM S,MT,GM,C20 CUSTOM S,Caminhão,PRETA,C20,"R$17.125,00","R$5.137,50","R$25.937,50"
27220642,Água Boa,Conservado,,HONDA/CG 125 FAN ES,MT,HONDA,CG 125 FAN ES,Moto,PRETA,CG 125,"R$7.538,00","R$2.261,40","R$2.361,40"